{
    "potato": {
        "loss": 0.6887111663818359,
        "accuracy": 0.9766355156898499
    },
    "tomato": {
        "loss": 3.9959990978240967,
        "accuracy": 0.8631840944290161
    }
}